﻿{
    "source":  "scriptblox",
    "generatedAt":  "2026-02-18T02:28:12.9790719Z",
    "maxPagesRequested":  1,
    "totalPagesAtSource":  2944,
    "count":  38,
    "moderation":  {
                       "max_posts_per_window":  5,
                       "window_minutes":  10,
                       "filteredByKeywordCount":  2,
                       "filteredBySpamCount":  0,
                       "filteredCount":  2,
                       "autoBlacklistedTitleCount":  2,
                       "newlyAutoBlacklistedTitleCount":  0,
                       "trustedKeywordRuleCount":  2,
                       "blacklistKeywordRuleCount":  2,
                       "trendingCount":  20
                   },
    "scripts":  [
                    {
                        "title":  "Popbox v3",
                        "titleKey":  "popboxv3",
                        "slug":  "Universal-Script-Popbox-v3-113187",
                        "views":  3,
                        "verified":  false,
                        "tags":  [

                                 ],
                        "image":  "https://scriptblox.com/images/script/0-1771381571395.jpg",
                        "createdAt":  "2026-02-18T02:26:11.412Z",
                        "trusted":  false,
                        "blocked_manual_keyword":  false,
                        "blocked_spam":  false,
                        "trending":  false
                    },
                    {
                        "title":  "Unpredictable Aimbot l Valentines UPD l TOP KEYLESS",
                        "titleKey":  "unpredictableaimbotlvalentinesupdltopkeyless",
                        "slug":  "Universal-Script-Unpredictable-Aimbot-l-Valentines-UPD-l-TOP-KEYLESS-113186",
                        "views":  17,
                        "verified":  false,
                        "tags":  [

                                 ],
                        "image":  "https://scriptblox.com/images/script/0-1771381469564.jpg",
                        "createdAt":  "2026-02-18T02:24:29.581Z",
                        "trusted":  false,
                        "blocked_manual_keyword":  false,
                        "blocked_spam":  false,
                        "trending":  false
                    },
                    {
                        "title":  "Auto Steal and Auto collect and Auto Sell and more",
                        "titleKey":  "autostealandautocollectandautosellandmore",
                        "slug":  "Escape-Traps-For-Brainrots!-Auto-Steal-and-Auto-collect-and-Auto-Sell-and-more-113185",
                        "views":  19,
                        "verified":  false,
                        "tags":  [

                                 ],
                        "image":  "https://scriptblox.com/images/script/116526660327468-1771381233888.webp",
                        "createdAt":  "2026-02-18T02:20:33.913Z",
                        "trusted":  false,
                        "blocked_manual_keyword":  false,
                        "blocked_spam":  false,
                        "trending":  false
                    },
                    {
                        "title":  "MEGA RING",
                        "titleKey":  "megaring",
                        "slug":  "Universal-Script-MEGA-RING-113183",
                        "views":  19,
                        "verified":  false,
                        "tags":  [

                                 ],
                        "image":  "https://scriptblox.com/images/script/0-1771381079961.jpg",
                        "createdAt":  "2026-02-18T02:17:59.979Z",
                        "trusted":  false,
                        "blocked_manual_keyword":  false,
                        "blocked_spam":  false,
                        "trending":  false
                    },
                    {
                        "title":  "Op script has godmode",
                        "titleKey":  "opscripthasgodmode",
                        "slug":  "Escape-Tsunami-For-Brainrots!-Op-script-has-godmode-113182",
                        "views":  21,
                        "verified":  false,
                        "tags":  [

                                 ],
                        "image":  "https://scriptblox.com/images/script/131623223084840-1771381077377.png",
                        "createdAt":  "2026-02-18T02:17:57.397Z",
                        "trusted":  false,
                        "blocked_manual_keyword":  false,
                        "blocked_spam":  false,
                        "trending":  false
                    },
                    {
                        "title":  "who wants to join the clan",
                        "titleKey":  "whowantstojointheclan",
                        "slug":  "Universal-Script-who-wants-to-join-the-clan-113182",
                        "views":  10,
                        "verified":  false,
                        "tags":  [

                                 ],
                        "image":  "https://scriptblox.com/images/script/0-1771380893736.jpg",
                        "createdAt":  "2026-02-18T02:14:53.747Z",
                        "trusted":  false,
                        "blocked_manual_keyword":  false,
                        "blocked_spam":  false,
                        "trending":  false
                    },
                    {
                        "title":  "Valentine autof,arm no key",
                        "titleKey":  "valentineautofarmnokey",
                        "slug":  "Universal-Script-Limozen-Hub-113181",
                        "views":  26,
                        "verified":  false,
                        "tags":  [

                                 ],
                        "image":  "https://scriptblox.com/images/script/0-1771380877620.webp",
                        "createdAt":  "2026-02-18T02:13:36.852Z",
                        "trusted":  false,
                        "blocked_manual_keyword":  false,
                        "blocked_spam":  false,
                        "trending":  false
                    },
                    {
                        "title":  "FREE ARCADE BBALL BASKETBALL SCRIPT AIMBOT AUTO GUARD \u0026 MORE",
                        "titleKey":  "freearcadebballbasketballscriptaimbotautoguardmore",
                        "slug":  "SZN-6-Arcade-Basketball-FREE-SCRIPT-AIMBOT-AUTO-GUARD-AUTO-BLOCK-113181",
                        "views":  27,
                        "verified":  false,
                        "tags":  [

                                 ],
                        "image":  "https://tr.rbxcdn.com/180DAY-c50fb61f2eb35ee01be2b708895a432b/480/270/Image/Png/noFilter",
                        "createdAt":  "2026-02-18T02:08:19.694Z",
                        "trusted":  false,
                        "blocked_manual_keyword":  false,
                        "blocked_spam":  false,
                        "trending":  false
                    },
                    {
                        "title":  "Beacon hub",
                        "titleKey":  "beaconhub",
                        "slug":  "Universal-Script-Beacon-hub-113181",
                        "views":  31,
                        "verified":  false,
                        "tags":  [

                                 ],
                        "image":  "https://scriptblox.com/images/script/0-1771380231429.png",
                        "createdAt":  "2026-02-18T02:03:51.451Z",
                        "trusted":  false,
                        "blocked_manual_keyword":  false,
                        "blocked_spam":  false,
                        "trending":  false
                    },
                    {
                        "title":  "Popbox v2",
                        "titleKey":  "popboxv2",
                        "slug":  "Universal-Script-Popbox-113179",
                        "views":  22,
                        "verified":  false,
                        "tags":  [

                                 ],
                        "image":  "https://scriptblox.com/images/script/0-1771379969774.jpg",
                        "createdAt":  "2026-02-18T01:59:29.790Z",
                        "trusted":  false,
                        "blocked_manual_keyword":  false,
                        "blocked_spam":  false,
                        "trending":  false
                    },
                    {
                        "title":  "FREE HOOP NATION SCRIPT AIMBOT AUTO GUARD AUTO WIN MAGS ETC",
                        "titleKey":  "freehoopnationscriptaimbotautoguardautowinmagsetc",
                        "slug":  "Hoop-Nation-2-FREE-HOOP-NATION-SCRIPT-AIMBOT-AUTO-GUARD-AUTO-WIN-MAGS-ETC-113178",
                        "views":  19,
                        "verified":  false,
                        "tags":  [

                                 ],
                        "image":  "https://tr.rbxcdn.com/180DAY-36c3c6c12a259cec05499ffe14a584a2/480/270/Image/Png/noFilter",
                        "createdAt":  "2026-02-18T01:55:29.980Z",
                        "trusted":  false,
                        "blocked_manual_keyword":  false,
                        "blocked_spam":  false,
                        "trending":  false
                    },
                    {
                        "title":  "Realistic First person script",
                        "titleKey":  "realisticfirstpersonscript",
                        "slug":  "Universal-Script-Realistic-First-person-script-113177",
                        "views":  28,
                        "verified":  false,
                        "tags":  [

                                 ],
                        "image":  "https://scriptblox.com/images/script/0-1771379677386.png",
                        "createdAt":  "2026-02-18T01:54:37.398Z",
                        "trusted":  false,
                        "blocked_manual_keyword":  false,
                        "blocked_spam":  false,
                        "trending":  false
                    },
                    {
                        "title":  "CurseCombo\u0027s Executer",
                        "titleKey":  "cursecombosexecuter",
                        "slug":  "Universal-Script-CurseCombo-Executer-113172",
                        "views":  20,
                        "verified":  false,
                        "tags":  [

                                 ],
                        "image":  "https://scriptblox.com/images/script/0-1771379256741.jpg",
                        "createdAt":  "2026-02-18T01:47:36.753Z",
                        "trusted":  false,
                        "blocked_manual_keyword":  false,
                        "blocked_spam":  false,
                        "trending":  false
                    },
                    {
                        "title":  "Very Good Script KEYLESS",
                        "titleKey":  "verygoodscriptkeyless",
                        "slug":  "counterfeit-tycoon-Very-Good-Script-KEYLESS-113171",
                        "views":  47,
                        "verified":  false,
                        "tags":  [

                                 ],
                        "image":  "https://tr.rbxcdn.com/180DAY-a0f0c5bf5c1afa89c1b85bc4da820809/480/270/Image/Png/noFilter",
                        "createdAt":  "2026-02-18T01:45:58.440Z",
                        "trusted":  false,
                        "blocked_manual_keyword":  false,
                        "blocked_spam":  false,
                        "trending":  false
                    },
                    {
                        "title":  "TikTok Lite",
                        "titleKey":  "tiktoklite",
                        "slug":  "Universal-Script-TikTok-Lite-113169",
                        "views":  58,
                        "verified":  false,
                        "tags":  [

                                 ],
                        "image":  "https://scriptblox.com/images/script/0-1771378576961.png",
                        "createdAt":  "2026-02-18T01:36:16.973Z",
                        "trusted":  false,
                        "blocked_manual_keyword":  false,
                        "blocked_spam":  false,
                        "trending":  false
                    },
                    {
                        "title":  "Server Nuker Use before Patched",
                        "titleKey":  "servernukerusebeforepatched",
                        "slug":  "The-Chosen-One-Server-Nuker-Use-before-Patched-113168",
                        "views":  114,
                        "verified":  false,
                        "tags":  [

                                 ],
                        "image":  "https://scriptblox.com/images/script/11137575513-1771378431241.png",
                        "createdAt":  "2026-02-18T01:33:51.258Z",
                        "trusted":  false,
                        "blocked_manual_keyword":  false,
                        "blocked_spam":  false,
                        "trending":  false
                    },
                    {
                        "title":  "Hou.se Cloner | Trad.e Fre.eze [Keylees]",
                        "titleKey":  "houseclonertradefreezekeylees",
                        "slug":  "Universal-Script-free-113167",
                        "views":  3974,
                        "verified":  false,
                        "tags":  [

                                 ],
                        "image":  "https://scriptblox.com/images/script/0-1771378371614.webp",
                        "createdAt":  "2026-02-18T01:32:51.637Z",
                        "trusted":  false,
                        "blocked_manual_keyword":  false,
                        "blocked_spam":  false,
                        "trending":  false
                    },
                    {
                        "title":  "etocats",
                        "titleKey":  "etocats",
                        "slug":  "10-Player-Flee-the-Facilities-etocats-113164",
                        "views":  39,
                        "verified":  true,
                        "tags":  [

                                 ],
                        "image":  "https://tr.rbxcdn.com/180DAY-4de6693c0f6d38078938fa24b153ba3c/480/270/Image/Png/noFilter",
                        "createdAt":  "2026-02-18T01:27:42.972Z",
                        "trusted":  false,
                        "blocked_manual_keyword":  false,
                        "blocked_spam":  false,
                        "trending":  false
                    },
                    {
                        "title":  "KEYLESS FREE ROLLBACK OP AS A BIH USE BEFORE PATCH",
                        "titleKey":  "keylessfreerollbackopasabihusebeforepatch",
                        "slug":  "CHOSO-UPDATE-KAIZEN-KEYLESS-FREE-ROLLBACK-OP-AS-A-BIH-USE-BEFORE-PATCH-IG-GOATED-112658",
                        "views":  883,
                        "verified":  false,
                        "tags":  [

                                 ],
                        "image":  "https://scriptblox.com/images/script/17662297954-1771292352805.png",
                        "createdAt":  "2026-02-17T01:39:12.825Z",
                        "trusted":  false,
                        "blocked_manual_keyword":  false,
                        "blocked_spam":  false,
                        "trending":  true
                    },
                    {
                        "title":  "INF LEVELS MONEY and STATS For Mobile",
                        "titleKey":  "inflevelsmoneyandstatsformobile",
                        "slug":  "Era-Of-Supes-INF-LEVELS-MONEY-and-STATS-For-Mobile-112157",
                        "views":  1031,
                        "verified":  false,
                        "tags":  [

                                 ],
                        "image":  "https://scriptblox.com/images/script/121389751796006-1771204106676.png",
                        "createdAt":  "2026-02-16T01:08:26.695Z",
                        "trusted":  false,
                        "blocked_manual_keyword":  false,
                        "blocked_spam":  false,
                        "trending":  true
                    },
                    {
                        "title":  "VIOLENT MOD MENU UPDATED VERSION",
                        "titleKey":  "violentmodmenuupdatedversion",
                        "slug":  "Universal-Script-VIOLENT-MOD-MENU-UPDATED-VERSION-111374",
                        "views":  1527,
                        "verified":  false,
                        "tags":  [

                                 ],
                        "image":  "https://scriptblox.com/images/script/0-1771090491480.png",
                        "createdAt":  "2026-02-14T17:34:51.498Z",
                        "trusted":  false,
                        "blocked_manual_keyword":  false,
                        "blocked_spam":  false,
                        "trending":  true
                    },
                    {
                        "title":  "UPDATED Script Be a YouTuber OP UNLOCK ALL",
                        "titleKey":  "updatedscriptbeayoutuberopunlockall",
                        "slug":  "Be-a-YouTuber!-Script-OP-Robux-YouTuber-Bypass-Unlock-1x1x1x1-111174",
                        "views":  1381,
                        "verified":  false,
                        "tags":  [

                                 ],
                        "image":  "https://scriptblox.com/images/script/120564326011184-1771091274717.png",
                        "createdAt":  "2026-02-14T04:29:13.669Z",
                        "trusted":  false,
                        "blocked_manual_keyword":  false,
                        "blocked_spam":  false,
                        "trending":  true
                    },
                    {
                        "title":  "Auto fish super op keyless Fr trust me",
                        "titleKey":  "autofishsuperopkeylessfrtrustme",
                        "slug":  "Star-Fishing-ALPHA-Auto-fish-super-op-110638",
                        "views":  2517,
                        "verified":  false,
                        "tags":  [

                                 ],
                        "image":  "https://tr.rbxcdn.com/180DAY-7c07f9058d0cd3406db9abc00911df78/480/270/Image/Png/noFilter",
                        "createdAt":  "2026-02-12T13:23:56.492Z",
                        "trusted":  false,
                        "blocked_manual_keyword":  false,
                        "blocked_spam":  false,
                        "trending":  true
                    },
                    {
                        "title":  "etocats",
                        "titleKey":  "etocats",
                        "slug":  "Star-Fishing-ALPHA-etocats-110471",
                        "views":  2634,
                        "verified":  true,
                        "tags":  [

                                 ],
                        "image":  "https://tr.rbxcdn.com/180DAY-7c07f9058d0cd3406db9abc00911df78/480/270/Image/Png/noFilter",
                        "createdAt":  "2026-02-12T03:32:04.021Z",
                        "trusted":  false,
                        "blocked_manual_keyword":  false,
                        "blocked_spam":  false,
                        "trending":  true
                    },
                    {
                        "title":  "Script BEST FREE Universal FPS Hub Aimbot ESP No Recoil and",
                        "titleKey":  "scriptbestfreeuniversalfpshubaimbotespnorecoiland",
                        "slug":  "Universal-Script-Script-BEST-FREE-Universal-FPS-Hub-Aimbot-ESP-No-Recoil-and-110466",
                        "views":  4258,
                        "verified":  false,
                        "tags":  [

                                 ],
                        "image":  "https://scriptblox.com/images/script/0-1770864544874.png",
                        "createdAt":  "2026-02-12T02:49:04.897Z",
                        "trusted":  false,
                        "blocked_manual_keyword":  false,
                        "blocked_spam":  false,
                        "trending":  true
                    },
                    {
                        "title":  "stealedsaken",
                        "titleKey":  "stealedsaken",
                        "slug":  "Forsaken-normal-script-110326",
                        "views":  705,
                        "verified":  false,
                        "tags":  [

                                 ],
                        "image":  "https://tr.rbxcdn.com/180DAY-8670259e7d3d5e2665db3b76443d626d/480/270/Image/Png/noFilter",
                        "createdAt":  "2026-02-11T19:29:58.603Z",
                        "trusted":  false,
                        "blocked_manual_keyword":  false,
                        "blocked_spam":  false,
                        "trending":  true
                    },
                    {
                        "title":  "BloxFruits Dungoens Sea events auto farm Auto All",
                        "titleKey":  "bloxfruitsdungoensseaeventsautofarmautoall",
                        "slug":  "Blox-Fruits-BloxFruits-Dungoens-Sea-events-auto-farm-Auto-All-110067",
                        "views":  6634,
                        "verified":  true,
                        "tags":  [

                                 ],
                        "image":  "https://tr.rbxcdn.com/180DAY-11317876063dea24a4abe47d4dbb6237/480/270/Image/Png/noFilter",
                        "createdAt":  "2026-02-11T01:38:10.670Z",
                        "trusted":  false,
                        "blocked_manual_keyword":  false,
                        "blocked_spam":  false,
                        "trending":  true
                    },
                    {
                        "title":  "Keyless op",
                        "titleKey":  "keylessop",
                        "slug":  "Abyss-BETA-Keyless-op-109652",
                        "views":  3415,
                        "verified":  false,
                        "tags":  [

                                 ],
                        "image":  "https://tr.rbxcdn.com/180DAY-53b3cd30cf4e3ad3435b7fe56430d96c/480/270/Image/Png/noFilter",
                        "createdAt":  "2026-02-09T23:13:51.450Z",
                        "trusted":  false,
                        "blocked_manual_keyword":  false,
                        "blocked_spam":  false,
                        "trending":  true
                    },
                    {
                        "title":  "sus jenny mod not fe",
                        "titleKey":  "susjennymodnotfe",
                        "slug":  "Universal-Script-sus-jenny-mod-not-fe-109598",
                        "views":  1761,
                        "verified":  false,
                        "tags":  [

                                 ],
                        "image":  "https://scriptblox.com/images/script/0-1770664986419.png",
                        "createdAt":  "2026-02-09T19:23:06.445Z",
                        "trusted":  false,
                        "blocked_manual_keyword":  false,
                        "blocked_spam":  false,
                        "trending":  true
                    },
                    {
                        "title":  "KEYLESS Auto Farm Nearby Auto Sell",
                        "titleKey":  "keylessautofarmnearbyautosell",
                        "slug":  "Abyss-BETA-KEYLESS-Auto-Farm-Nearby-Auto-Sell-108789",
                        "views":  2535,
                        "verified":  false,
                        "tags":  [

                                 ],
                        "image":  "https://tr.rbxcdn.com/180DAY-53b3cd30cf4e3ad3435b7fe56430d96c/480/270/Image/Png/noFilter",
                        "createdAt":  "2026-02-09T15:12:10.400Z",
                        "trusted":  false,
                        "blocked_manual_keyword":  false,
                        "blocked_spam":  false,
                        "trending":  true
                    },
                    {
                        "title":  "UPDATE Instant fish auto fish fish esp auto quest and mor",
                        "titleKey":  "updateinstantfishautofishfishespautoquestandmor",
                        "slug":  "Abyss-BETA-NEW-Instant-fish-auto-fish-fish-esp-auto-quest-and-mor-106420",
                        "views":  4553,
                        "verified":  true,
                        "tags":  [

                                 ],
                        "image":  "https://scriptblox.com/images/script/127794225497302-1770750338928.png",
                        "createdAt":  "2026-02-08T19:25:31.033Z",
                        "trusted":  false,
                        "blocked_manual_keyword":  false,
                        "blocked_spam":  false,
                        "trending":  true
                    },
                    {
                        "title":  "Inf money exp modifier",
                        "titleKey":  "infmoneyexpmodifier",
                        "slug":  "UPDATE-Highway-Showdown-Inf-money-exp-modifier-106232",
                        "views":  1432,
                        "verified":  false,
                        "tags":  [

                                 ],
                        "image":  "https://tr.rbxcdn.com/180DAY-eb48742e6a56b67c2c66f21ceda39a20/480/270/Image/Png/noFilter",
                        "createdAt":  "2026-02-08T13:45:54.062Z",
                        "trusted":  false,
                        "blocked_manual_keyword":  false,
                        "blocked_spam":  false,
                        "trending":  true
                    },
                    {
                        "title":  "Auto Farm Inf Money",
                        "titleKey":  "autofarminfmoney",
                        "slug":  "Your-Farm!-Auto-Farm-Inf-Money-106175",
                        "views":  734,
                        "verified":  false,
                        "tags":  [

                                 ],
                        "image":  "https://scriptblox.com/images/script/92589365151083-1770549168226.png",
                        "createdAt":  "2026-02-08T11:12:48.258Z",
                        "trusted":  false,
                        "blocked_manual_keyword":  false,
                        "blocked_spam":  false,
                        "trending":  true
                    },
                    {
                        "title":  "yabujin skinchanger crack",
                        "titleKey":  "yabujinskinchangercrack",
                        "slug":  "RIVALS-yabujin-skinchanger-crack-105883",
                        "views":  2922,
                        "verified":  false,
                        "tags":  [

                                 ],
                        "image":  "https://tr.rbxcdn.com/180DAY-36fd690cbf4077d15d6689d8eb3d5875/480/270/Image/Png/noFilter",
                        "createdAt":  "2026-02-07T22:05:37.793Z",
                        "trusted":  false,
                        "blocked_manual_keyword":  false,
                        "blocked_spam":  false,
                        "trending":  true
                    },
                    {
                        "title":  "Script Aimbot Silent Aim ESP Wall Bang No Recoil CS2",
                        "titleKey":  "scriptaimbotsilentaimespwallbangnorecoilcs2",
                        "slug":  "EVENT-BloxStrike-Script-Aimbot-Silent-Aim-ESP-Wall-Bang-No-Recoil-CS2-103744",
                        "views":  2396,
                        "verified":  false,
                        "tags":  [

                                 ],
                        "image":  "https://tr.rbxcdn.com/180DAY-b68baea1686bcb4801edc2fbc76bf69f/480/270/Image/Png/noFilter",
                        "createdAt":  "2026-02-06T19:11:02.578Z",
                        "trusted":  false,
                        "blocked_manual_keyword":  false,
                        "blocked_spam":  false,
                        "trending":  true
                    },
                    {
                        "title":  "2016 Roblox CoreGui",
                        "titleKey":  "2016robloxcoregui",
                        "slug":  "Universal-Script-2016-Roblox-CoreGui-103706",
                        "views":  1421,
                        "verified":  false,
                        "tags":  [

                                 ],
                        "image":  "https://scriptblox.com/images/script/0-1770400959123.png",
                        "createdAt":  "2026-02-06T18:02:39.138Z",
                        "trusted":  false,
                        "blocked_manual_keyword":  false,
                        "blocked_spam":  false,
                        "trending":  true
                    },
                    {
                        "title":  "Kyo Hub - RE XL FREE SCRIPT",
                        "titleKey":  "kyohubrexlfreescript",
                        "slug":  "GOJO-+-FLOWER-BANKAI-FIX-RE:XL-Kyo-Hub-RE-XL-FREE-SCRIPT-103216",
                        "views":  1698,
                        "verified":  false,
                        "tags":  [

                                 ],
                        "image":  "https://scriptblox.com/images/script/73066215063285-1770342519471.png",
                        "createdAt":  "2026-02-06T01:48:39.490Z",
                        "trusted":  false,
                        "blocked_manual_keyword":  false,
                        "blocked_spam":  false,
                        "trending":  true
                    },
                    {
                        "title":  "Kyo Hub - BEST FREE HUB JJS",
                        "titleKey":  "kyohubbestfreehubjjs",
                        "slug":  "HEAD-OF-HEI-Jujutsu-Shenanigans-Kyo-Hub-BEST-FREE-HUB-JJS-103212",
                        "views":  2544,
                        "verified":  false,
                        "tags":  [

                                 ],
                        "image":  "https://scriptblox.com/images/script/9391468976-1770342099044.png",
                        "createdAt":  "2026-02-06T01:41:39.053Z",
                        "trusted":  false,
                        "blocked_manual_keyword":  false,
                        "blocked_spam":  false,
                        "trending":  true
                    }
                ]
}
